<?xml version="1.0"?>
<doc>
    <assembly>
        <name>MassTransit.Transports.RabbitMq</name>
    </assembly>
    <members>
        <member name="M:MassTransit.Transports.RabbitMq.RabbitMqHelper.Bind(RabbitMQ.Client.IConnection,System.String,System.String)">
            <summary>
            Binds the queue to the exchange
            </summary>
        </member>
        <member name="M:MassTransit.RabbitMqServiceBusExtensions.GetEndpoint``1(MassTransit.IServiceBus)">
            <summary>
            Returns the endpoint for the specified message type using the default
            exchange/queue convention for naming
            </summary>
            <typeparam name="TMessage">The message type to convert to a URI</typeparam>
            <param name="bus">The bus instance used to resolve the endpoint</param>
            <returns>The IEndpoint instance, resolved from the service bus</returns>
        </member>
        <member name="M:MassTransit.RabbitMqServiceBusExtensions.GetEndpoint(MassTransit.IServiceBus,System.Type)">
            <summary>
            Returns the endpoint for the specified message type using the default
            exchange/queue convention for naming
            </summary>
            <param name="bus">The bus instance used to resolve the endpoint</param>
            <param name="messageType">The message type to convert to a URI</param>
            <returns>The IEndpoint instance, resolved from the service bus</returns>
        </member>
    </members>
</doc>
