<Modules>
  <Module PersistentId="859AFA7E-025E-40AA-A99A-BC532A0A351A" ModuleId="Reactor.Container.Ninject" />
  <Module PersistentId="3531EB32-0315-4EC0-B94B-629000210D83" ModuleId="Reactor" />
  <Module PersistentId="2F882D8A-97D5-48F4-8DE5-5A2E6A9F385F" ModuleId="Reactor.Messages" />
  <Module PersistentId="FD9DA60A-DAFB-4475-B710-806FE3474F3F" ModuleId="Reactor.Test" />
  <Module PersistentId="EB9CD6A4-7CF0-4503-9AA7-A2DCF6E4CFAD" ModuleId="Reactor.CoreHost" />
  <Module PersistentId="F1542589-05D6-45C4-94C1-34C7A34457DC" ModuleId="Reactor.ServiceBus.Transports.ActiveMQ" />
  <Module PersistentId="D5657A32-A683-43A6-840D-BF20A4FFFB1F" ModuleId="Reactor.ServiceBus.Test" />
  <Module PersistentId="9E46979B-DBDC-42FC-957D-0C7F481F63B8" ModuleId="Reactor.Client.Web" />
  <Module PersistentId="9E832586-165A-403E-889A-F268B9F4BF29" ModuleId="Reactor.Client" />
  <Module PersistentId="3995EAB1-9988-4EFF-9D6F-FC0CECE6DA59" ModuleId="Reactor.Console" />
  <Module PersistentId="44CF3252-0088-427C-A0DB-5145C4B3BF93" ModuleId="Reactor.Services.Management" />
  <Module PersistentId="92829DEE-4484-481A-9192-8224B29C7150" ModuleId="Reactor.Services.AdvisoryEmailService" />
  <Module PersistentId="91420B0A-604E-48AC-A071-51DBC9B76981" ModuleId="Reactor.Web.Hosting" />
  <Module PersistentId="6EFFE5CB-7C23-4D67-820C-937743D5E7F7" ModuleId="Reactor.ServiceHost" />
  <Module PersistentId="178F54F8-0C63-4486-920F-F7539646960E" ModuleId="Reactor.ServiceBus.TestPublisher" />
  <Module PersistentId="8CA9B640-339E-4662-BFA1-4A627E74F8DA" ModuleId="Reactor.Container.Unity" />
  <Module PersistentId="01027C98-92CE-474D-A842-085B3F19F03C" ModuleId="Reactor.Connections.Default" />
  <Module PersistentId="B5575DE6-BC7F-47D6-BC6A-485380BD1CCE" ModuleId="Reactor.CoreConfigWriter" />
  <Module PersistentId="F6771ABA-BD3E-408C-84AA-AEDBEEEE71DB" ModuleId="ServicePackage.Console" />
  <Module PersistentId="3C5AAF28-A8AA-4C9E-A644-1895E37463B8" ModuleId="Reactor.ServiceBus.TestSubscriber" />
  <Module PersistentId="5EA1DF9E-5E92-41DC-B071-756844490C13" ModuleId="Reactor.Container.Windsor" />
  <Module PersistentId="1DBD9EB3-3C33-4ADA-A43F-A19780E4301D" ModuleId="Reactor.CoreConfigurationUtility" />
  <Module PersistentId="5E6522D1-FA1A-4AC8-A4C2-A2CBF2C8A1FF" ModuleId="Reactor.ServiceBus.Transports.MassTransit" />
  <Module PersistentId="1B43E78D-16DD-4E09-80A7-9AE327F04165" ModuleId="Reactor.Services.PulseService" />
</Modules>