﻿<?xml version="1.0" encoding="utf-8"?>
<publishData>
  <publishProfile publishUrl="C:\Projects\Reactor\Platform Source\trunk\Services\Reactor.Services.Management\bin\Debug\bin" deleteExistingFiles="False" ftpAnonymousLogin="False" ftpPassiveMode="True" msdeploySite="" msdeploySiteID="" msdeployRemoteSitePhysicalPath="" msdeployAllowUntrustedCertificate="False" msdeploySkipExtraFilesOnServer="True" msdeployMarkAsApp="False" profileName="FileSystemPublishProfile" publishMethod="FileSystem" replaceMatchingFiles="True" userName="" savePWD="False" userPWD="" SelectedForPublish="True">
    <file relUrl="Silverlight.js" publishTime="07/05/2011 22:26:12" />
    <file relUrl="Reactor.ClientTestPage.html" publishTime="07/05/2011 22:26:12" />
    <file relUrl="Reactor.ClientTestPage.aspx" publishTime="07/05/2011 22:26:12" />
    <file relUrl="bin/log4net.xml" publishTime="06/27/2011 09:06:31" />
    <file relUrl="Images/StatusLight-Orange.png" publishTime="06/27/2011 09:31:09" />
    <file relUrl="Images/terminal.png" publishTime="07/09/2011 09:46:53" />
    <file relUrl="Images/Atom-Transparent-100x100.png" publishTime="06/27/2011 09:31:09" />
    <file relUrl="Images/server-add.png" publishTime="07/09/2011 10:10:17" />
    <file relUrl="bin/log4net.dll" publishTime="06/27/2011 09:06:30" />
    <file relUrl="Images/terminal-remove.png" publishTime="07/11/2011 21:55:52" />
    <file relUrl="bin/Microsoft.Practices.ServiceLocation.xml" publishTime="06/27/2011 09:04:39" />
    <file relUrl="Images/StatusLight-Disabled.png" publishTime="06/27/2011 09:31:09" />
    <file relUrl="Images/StatusLight-Green.png" publishTime="06/27/2011 09:31:09" />
    <file relUrl="bin/Samurai.Wakizashi.dll" publishTime="06/27/2011 10:48:20" />
    <file relUrl="bin/Microsoft.Practices.ServiceLocation.pdb" publishTime="06/27/2011 09:04:38" />
    <file relUrl="Images/magnifier-left.png" publishTime="07/09/2011 09:46:52" />
    <file relUrl="bin/Reactor.Client.Web.pdb" publishTime="07/28/2011 10:17:19" />
    <file relUrl="Images/cross.png" publishTime="07/09/2011 09:46:51" />
    <file relUrl="Images/newspaper.png" publishTime="07/09/2011 09:46:52" />
    <file relUrl="ClientBin/Images/Atom-Transparent-50x50.png" publishTime="06/27/2011 09:31:09" />
    <file relUrl="bin/Microsoft.Practices.ServiceLocation.dll" publishTime="06/27/2011 09:04:37" />
    <file relUrl="Images/dashboard--exclamation.png" publishTime="07/09/2011 09:48:13" />
    <file relUrl="Images/terminal-add.png" publishTime="07/11/2011 21:49:37" />
    <file relUrl="Images/control_play.png" publishTime="06/27/2011 17:04:38" />
    <file relUrl="bin/Reactor.Messages.dll" publishTime="07/21/2011 21:54:53" />
    <file relUrl="Images/control_play_blue.png" publishTime="06/27/2011 17:04:38" />
    <file relUrl="bin/Microsoft.Activities.dll" publishTime="06/27/2011 09:34:41" />
    <file relUrl="Images/arrow-090.png" publishTime="07/09/2011 09:46:50" />
    <file relUrl="Images/server.png" publishTime="07/09/2011 09:46:53" />
    <file relUrl="Images/StatusLight-Red.png" publishTime="06/27/2011 09:31:09" />
    <file relUrl="bin/Apache.NMS.dll" publishTime="06/27/2011 09:08:45" />
    <file relUrl="ClientBin/Reactor.Client.xap" publishTime="07/28/2011 10:17:26" />
    <file relUrl="Images/control_stop_blue.png" publishTime="06/27/2011 17:04:38" />
    <file relUrl="Services/CommandService.svc" publishTime="07/22/2011 17:10:11" />
    <file relUrl="bin/Reactor.Client.Web.dll" publishTime="07/28/2011 10:17:19" />
    <file relUrl="Images/control_stop.png" publishTime="06/27/2011 17:04:38" />
    <file relUrl="bin/Reactor.pdb" publishTime="07/21/2011 21:54:58" />
    <file relUrl="Web.config" publishTime="07/28/2011 10:46:34" />
    <file relUrl="Images/information.png" publishTime="07/09/2011 09:46:52" />
    <file relUrl="Images/Radioactive-32X32.png" publishTime="06/27/2011 09:31:09" />
    <file relUrl="Images/application-export.png" publishTime="07/09/2011 09:46:50" />
    <file relUrl="bin/YamlSerializer.dll" publishTime="06/27/2011 09:03:52" />
    <file relUrl="bin/Reactor.dll" publishTime="07/21/2011 21:54:59" />
    <file relUrl="bin/Reactor.Messages.pdb" publishTime="07/21/2011 21:54:52" />
    <file relUrl="Images/Atom-Transparent-30x30.png" publishTime="06/27/2011 09:31:09" />
    <file relUrl="Images/terminal-export.png" publishTime="07/11/2011 21:54:10" />
  </publishProfile>
</publishData>